,state_id,action_id,path_to_screenshot,gt_is_met,gt_precondition,pred_rationale,pred_is_met,pred_raw_response,is_correct
0,0,1,0.png,True,"The ""Setting"" button is visible.",The 'Settings' button is visible in the left sidebar of the GitLab project interface.,True,"```json
{
    ""rationale"": ""The 'Settings' button is visible in the left sidebar of the GitLab project interface."",
    ""is_satisfied"": true
}
```",True
1,2,3,1.png,True,"The ""Project name"" input box is visible.","The 'Project name' input box is clearly visible in the 'Naming, topics, avatar' section of the UI.",True,"```json
{
    ""rationale"": ""The 'Project name' input box is clearly visible in the 'Naming, topics, avatar' section of the UI."",
    ""is_satisfied"": true
}
```",True
2,0,3,0.png,False,"The ""Project name"" input box is visible.","The 'Project name' input box is not visible in the current view of the UI. The screenshot shows a project repository on GitLab with files and commit history, but the 'Project name' input area is not shown anywhere on the screen.",False,"```json
{
    ""rationale"": ""The 'Project name' input box is not visible in the current view of the UI. The screenshot shows a project repository on GitLab with files and commit history, but the 'Project name' input area is not shown anywhere on the screen."",
    ""is_satisfied"": false
}
```",True
3,4,5,2.png,True,"The ""Project name"" input box is visible.","The 'Project name' input box is visible on the screen under the Naming, topics, avatar section.",True,"```json
{
    ""rationale"": ""The 'Project name' input box is visible on the screen under the Naming, topics, avatar section."",
    ""is_satisfied"": true
}
```",True
4,0,5,0.png,False,"The ""Project name"" input box is visible.","The 'Project name' input box is not visible in the current view of the UI shown in the screenshot. The visible elements are related to the repository files and general project information, but not the input box for editing the project name.",False,"```json
{
    ""rationale"": ""The 'Project name' input box is not visible in the current view of the UI shown in the screenshot. The visible elements are related to the repository files and general project information, but not the input box for editing the project name."",
    ""is_satisfied"": false
}
```",True
5,6,7,3.png,True,"The ""Project name"" input box is visible.","The 'Project name' input box is clearly visible in the screenshot provided. It is located under the 'Naming, topics, avatar' section and contains the text 'gimmiethat.space'.",True,"```json
{
    ""rationale"": ""The 'Project name' input box is clearly visible in the screenshot provided. It is located under the 'Naming, topics, avatar' section and contains the text 'gimmiethat.space'."",
    ""is_satisfied"": true
}
```",True
6,2,7,1.png,False,"The ""Project name"" input box is visible.","The 'Project name' input box is visible on the General Settings page under the 'Naming, topics, avatar' section.",True,"```json
{
    ""rationale"": ""The 'Project name' input box is visible on the General Settings page under the 'Naming, topics, avatar' section."",
    ""is_satisfied"": true
}
```",False
7,8,9,4.png,True,"The ""Project name"" input box is focused AND empty.","The 'Project name' input box appears to be focused as indicated by the text cursor inside the box. However, the box is not empty. It contains the text 'gimmiethat.space'.",False,"```json
{
    ""rationale"": ""The 'Project name' input box appears to be focused as indicated by the text cursor inside the box. However, the box is not empty. It contains the text 'gimmiethat.space'."",
    ""is_satisfied"": false
}
```",False
8,0,9,0.png,False,"The ""Project name"" input box is focused AND empty.","There is no visual indication in the screenshot showing that the 'Project name' input box is focused. Additionally, there is no visible 'Project name' input box; instead, the project name 'gimmiethat.space' is displayed as text on the GitLab project page and does not appear to be in an editable state.",False,"```json
{
    ""rationale"": ""There is no visual indication in the screenshot showing that the 'Project name' input box is focused. Additionally, there is no visible 'Project name' input box; instead, the project name 'gimmiethat.space' is displayed as text on the GitLab project page and does not appear to be in an editable state."",
    ""is_satisfied"": false
}
```",True
9,10,11,5.png,True,"The ""Save Changes"" button is visible.","The 'Save Changes' button is visible in the current UI at the bottom of the 'Naming, topics, avatar' section.",True,"```json
{
    ""rationale"": ""The 'Save Changes' button is visible in the current UI at the bottom of the 'Naming, topics, avatar' section."",
    ""is_satisfied"": true
}
```",True
10,6,11,3.png,False,"The ""Save Changes"" button is visible.","The 'Save Changes' button is visible in the Settings section under the 'Naming, topics, avatar' header, at the bottom of the section where project details like project name, description, and avatar can be updated.",True,"```json
{
    ""rationale"": ""The 'Save Changes' button is visible in the Settings section under the 'Naming, topics, avatar' header, at the bottom of the section where project details like project name, description, and avatar can be updated."",
    ""is_satisfied"": true
}
```",False
