,state_id,action_id,path_to_screenshot_before,path_to_screenshot_after,gt_next_action_suggestion,gt_actuation,gt_is_met,pred_rationale,pred_is_met,pred_raw_response,is_correct
0,0,1,0.png,1.png,"Click on the ""Catalog"" button.","CLICK(67, 368)",True,"The screenshots show the Magento admin dashboard before and after the action was taken. In the first screenshot, the 'Catalog' button has not yet been clicked, and no submenu is visible. In the second screenshot, post-action, the 'Catalog' button appears to be highlighted, and a submenu with 'Products' and 'Categories' is displayed. This indicates that the 'Catalog' button has been clicked and the submenu has been successfully opened.",True,"```json
{
    ""rationale"": ""The screenshots show the Magento admin dashboard before and after the action was taken. In the first screenshot, the 'Catalog' button has not yet been clicked, and no submenu is visible. In the second screenshot, post-action, the 'Catalog' button appears to be highlighted, and a submenu with 'Products' and 'Categories' is displayed. This indicates that the 'Catalog' button has been clicked and the submenu has been successfully opened."",
    ""was_taken"": true
}
```",True
1,0,1,0.png,0.png,"Click on the ""Catalog"" button.","CLICK(67, 368)",False,"The screenshots provided before and after the action show no change in the displayed interface. The 'Catalog' button is found on the vertical navigation menu on the left side of the Magento Admin dashboard, but it is not highlighted in either the before or after screenshot, which would indicate that this section has been selected. The action dictated was to click on the 'Catalog' button, but since the 'Catalog' section is not active in either screenshot, we can conclude that the action was not successfully taken.",False,"```json
{
    ""rationale"": ""The screenshots provided before and after the action show no change in the displayed interface. The 'Catalog' button is found on the vertical navigation menu on the left side of the Magento Admin dashboard, but it is not highlighted in either the before or after screenshot, which would indicate that this section has been selected. The action dictated was to click on the 'Catalog' button, but since the 'Catalog' section is not active in either screenshot, we can conclude that the action was not successfully taken."",
    ""was_taken"": false
}
```",True
2,2,3,1.png,2.png,"Click on the ""Products"" button.","CLICK(167, 248)",True,"The first screenshot shows the Magento dashboard, and the 'Products' button on the left-hand side navigation menu is visible but not selected. In the second screenshot, the Magento UI has changed to display the 'Products' section with a list of products, indicating that the 'Products' button was likely clicked as the products catalog is now being displayed.",True,"```json
{
    ""rationale"": ""The first screenshot shows the Magento dashboard, and the 'Products' button on the left-hand side navigation menu is visible but not selected. In the second screenshot, the Magento UI has changed to display the 'Products' section with a list of products, indicating that the 'Products' button was likely clicked as the products catalog is now being displayed."",
    ""was_taken"": true
}
```",True
3,2,3,1.png,1.png,"Click on the ""Products"" button.","CLICK(167, 248)",False,"In both the before and after screenshots, the UI appears to be the same with no discernible changes to indicate that the 'Products' button was clicked. The 'Products' section in the left side menu remains highlighted in both screenshots, suggesting it was already selected before the action was taken. Therefore, we cannot conclude from the provided screenshots that any additional action occurred as a result of the 'CLICK(167, 248)' action.",False,"{
    ""rationale"": ""In both the before and after screenshots, the UI appears to be the same with no discernible changes to indicate that the 'Products' button was clicked. The 'Products' section in the left side menu remains highlighted in both screenshots, suggesting it was already selected before the action was taken. Therefore, we cannot conclude from the provided screenshots that any additional action occurred as a result of the 'CLICK(167, 248)' action."",
    ""was_taken"": false
}",True
4,4,5,2.png,3.png,"Click on the ""Search by keyword"" search bar.","CLICK(237, 431)",True,"In the first screenshot, the 'Search by keyword' field is empty. In the second screenshot, the search field contains a list of auto-suggested keywords, indicating that the search bar was clicked and is now active with some input to show these suggestions, suggesting that the action to click on the search bar was successfully taken.",True,"```json
{
    ""rationale"": ""In the first screenshot, the 'Search by keyword' field is empty. In the second screenshot, the search field contains a list of auto-suggested keywords, indicating that the search bar was clicked and is now active with some input to show these suggestions, suggesting that the action to click on the search bar was successfully taken."",
    ""was_taken"": true
}
```",True
5,4,5,2.png,2.png,"Click on the ""Search by keyword"" search bar.","CLICK(237, 431)",False,"After reviewing both screenshots, there is no visible change in the UI that indicates the 'Search by keyword' search bar was clicked. The text cursor is not blinking within the search bar, nor is there any visual change in the search bar's appearance to suggest it is active. Thus, based on the information present in the after-action screenshot, we cannot confirm that the click action on the search bar was successfully taken.",False,"```json
{
    ""rationale"": ""After reviewing both screenshots, there is no visible change in the UI that indicates the 'Search by keyword' search bar was clicked. The text cursor is not blinking within the search bar, nor is there any visual change in the search bar's appearance to suggest it is active. Thus, based on the information present in the after-action screenshot, we cannot confirm that the click action on the search bar was successfully taken."",
    ""was_taken"": false
}
```",True
6,6,7,3.png,4.png,"Type ""Phoebe Zipper Sweatshirt"" in the ""Search by keyword"" search bar.","TYPE(""Phoebe Zipper Sweatshirt"")",True,"The 'Search by keyword' field in the first screenshot is empty, indicating that no search has been performed yet. In the second screenshot, the 'Search by keyword' field contains the text 'Phoebe Zipper Sweatshirt', which matches the action description provided. Therefore, the action of typing 'Phoebe Zipper Sweatshirt' into the search bar appears to have been successfully taken.",True,"```json
{
    ""rationale"": ""The 'Search by keyword' field in the first screenshot is empty, indicating that no search has been performed yet. In the second screenshot, the 'Search by keyword' field contains the text 'Phoebe Zipper Sweatshirt', which matches the action description provided. Therefore, the action of typing 'Phoebe Zipper Sweatshirt' into the search bar appears to have been successfully taken."",
    ""was_taken"": true
}
```",True
7,6,7,3.png,3.png,"Type ""Phoebe Zipper Sweatshirt"" in the ""Search by keyword"" search bar.","TYPE(""Phoebe Zipper Sweatshirt"")",False,"The 'Search by keyword' search bar still contains the text 'search by keyword', indicating that the new search term 'Phoebe Zipper Sweatshirt' was not typed into the search bar. Therefore, the action was not successfully taken.",False,"```json
{
    ""rationale"": ""The 'Search by keyword' search bar still contains the text 'search by keyword', indicating that the new search term 'Phoebe Zipper Sweatshirt' was not typed into the search bar. Therefore, the action was not successfully taken."",
    ""was_taken"": false
}
```",True
8,8,9,4.png,5.png,"Click on the magnifying glass in the ""Search by keyword"" search bar.","CLICK(541, 429)",True,"In the first screenshot, the 'Search by keyword' search bar is visible with the phrase 'Phoebe Zipper Sweatshirt' entered, and the magnifying glass icon is present. In the second screenshot, the user interface has changed to show that a search has been performed. It now displays 'Active filters: Keyword: Phoebe Zipper Sweatshirt' indicating that the search functionality was indeed used after clicking on the icon. The number of records found has been reduced to '18 records found' from '2042 records found', which further confirms that the search was successfully applied to filter the product listings.",True,"```json
{
    ""rationale"": ""In the first screenshot, the 'Search by keyword' search bar is visible with the phrase 'Phoebe Zipper Sweatshirt' entered, and the magnifying glass icon is present. In the second screenshot, the user interface has changed to show that a search has been performed. It now displays 'Active filters: Keyword: Phoebe Zipper Sweatshirt' indicating that the search functionality was indeed used after clicking on the icon. The number of records found has been reduced to '18 records found' from '2042 records found', which further confirms that the search was successfully applied to filter the product listings."",
    ""was_taken"": true
}
```",True
9,8,9,4.png,4.png,"Click on the magnifying glass in the ""Search by keyword"" search bar.","CLICK(541, 429)",False,"In both screenshots, the 'Search by keyword' search bar, indicated by the placeholder text 'Phoebe Zipper Sweatshirt', remains unchanged. The magnifying glass icon inside the search bar looks exactly the same, and there is no visual feedback or change indicating that the magnifying glass has been clicked. Therefore, we cannot confirm that the action of clicking the magnifying glass was successfully taken.",False,"```json
{
    ""rationale"": ""In both screenshots, the 'Search by keyword' search bar, indicated by the placeholder text 'Phoebe Zipper Sweatshirt', remains unchanged. The magnifying glass icon inside the search bar looks exactly the same, and there is no visual feedback or change indicating that the magnifying glass has been clicked. Therefore, we cannot confirm that the action of clicking the magnifying glass was successfully taken."",
    ""was_taken"": false
}
```",True
10,10,11,5.png,6.png,Scroll down.,SCROLL(-104),True,"The action of scrolling down appears to have been successfully taken. The scrollbar on the right side of the product list window has moved down between the first and second screenshots, indicating that the view has been scrolled. The products shown in the first screenshot (ID 1115 to 1120) are not visible in the second screenshot, and new products (ID 1124 to 2042) are now visible. This change indicates that the product list has been scrolled downward to display additional products that were not previously visible.",True,"```json
{
    ""rationale"": ""The action of scrolling down appears to have been successfully taken. The scrollbar on the right side of the product list window has moved down between the first and second screenshots, indicating that the view has been scrolled. The products shown in the first screenshot (ID 1115 to 1120) are not visible in the second screenshot, and new products (ID 1124 to 2042) are now visible. This change indicates that the product list has been scrolled downward to display additional products that were not previously visible."",
    ""was_taken"": true
}
```",True
11,10,11,5.png,5.png,Scroll down.,SCROLL(-104),False,"The two screenshots provided are identical. There are no changes in the scroll position of the product list, and the items displayed remain the same. Therefore, it can be concluded that the scrolling action was not performed, or if it was performed, there was no change on the screen that indicates the scroll took place.",False,"```json
{
    ""rationale"": ""The two screenshots provided are identical. There are no changes in the scroll position of the product list, and the items displayed remain the same. Therefore, it can be concluded that the scrolling action was not performed, or if it was performed, there was no change on the screen that indicates the scroll took place."",
    ""was_taken"": false
}
```",True
12,12,13,6.png,7.png,"Click on the blue ""Edit"" link at the far right of the ""Configurable Product"" row.","CLICK(1666, 856)",True,"The first screenshot shows a list of products with the 'Configurable Product' row having an 'Edit' link on the far right. The second screenshot shows a product edit page, which implies that an 'Edit' action was executed on a product. Since the SKU for the 'Configurable Product' row is 'WH07', which matches the SKU field on the edit page, and there is also a warning message indicating a synchronization issue which often appears after navigation or a data operation, it suggests that the correct 'Edit' action on the 'Configurable Product' row has been taken.",True,"```json
{
    ""rationale"": ""The first screenshot shows a list of products with the 'Configurable Product' row having an 'Edit' link on the far right. The second screenshot shows a product edit page, which implies that an 'Edit' action was executed on a product. Since the SKU for the 'Configurable Product' row is 'WH07', which matches the SKU field on the edit page, and there is also a warning message indicating a synchronization issue which often appears after navigation or a data operation, it suggests that the correct 'Edit' action on the 'Configurable Product' row has been taken."",
    ""was_taken"": true
}
```",True
13,12,13,6.png,6.png,"Click on the blue ""Edit"" link at the far right of the ""Configurable Product"" row.","CLICK(1666, 856)",False,"The UI in the second screenshot shows the same information as the first screenshot, with no noticeable changes to indicate that the 'Edit' link for the 'Configurable Product' was clicked. The 'Last Updated At' column for the 'Configurable Product' row shows 'Dec 28, 2023 3:23:33 PM' before and after the action. There is no visual evidence such as a new window, popup, highlighted row, or any other indication that would imply the 'Edit' action was executed. Therefore, based on the screenshots provided, it cannot be confirmed that the action was successfully taken.",False,"```json
{
    ""rationale"": ""The UI in the second screenshot shows the same information as the first screenshot, with no noticeable changes to indicate that the 'Edit' link for the 'Configurable Product' was clicked. The 'Last Updated At' column for the 'Configurable Product' row shows 'Dec 28, 2023 3:23:33 PM' before and after the action. There is no visual evidence such as a new window, popup, highlighted row, or any other indication that would imply the 'Edit' action was executed. Therefore, based on the screenshots provided, it cannot be confirmed that the action was successfully taken."",
    ""was_taken"": false
}
```",True
14,14,15,7.png,8.png,Scroll down,SCROLL(-217),True,"The action 'Scroll down' was successfully taken. The first screenshot displays the top portion of the product page with fields such as 'Enable Product', 'Attribute Set', 'Product Name', 'SKU', 'Price', etc. In the second screenshot, the lower part of the same product page is displayed, including different fields such as 'Color', 'Eco Collection', 'Performance Fabric', 'Erin Recommends', as well as the 'Configurations' section. This indicates that the page has been scrolled down to reveal additional options and information that were not visible in the first screenshot.",True,"```json
{
    ""rationale"": ""The action 'Scroll down' was successfully taken. The first screenshot displays the top portion of the product page with fields such as 'Enable Product', 'Attribute Set', 'Product Name', 'SKU', 'Price', etc. In the second screenshot, the lower part of the same product page is displayed, including different fields such as 'Color', 'Eco Collection', 'Performance Fabric', 'Erin Recommends', as well as the 'Configurations' section. This indicates that the page has been scrolled down to reveal additional options and information that were not visible in the first screenshot."",
    ""was_taken"": true
}
```",True
15,14,15,7.png,7.png,Scroll down,SCROLL(-217),False,"The screenshots before and after the action are identical, indicating that there has been no change in the UI as a result of the action taken. Therefore, the action 'Scroll down' was not successfully taken or not visible within the presented viewport of the UI.",False,"```json
{
    ""rationale"": ""The screenshots before and after the action are identical, indicating that there has been no change in the UI as a result of the action taken. Therefore, the action 'Scroll down' was not successfully taken or not visible within the presented viewport of the UI."",
    ""was_taken"": false
}
```",True
16,16,17,8.png,9.png,"Click on the brown ""Edit Configurations"" button.","CLICK(1600, 790)",True,"The UI in the first screenshot shows the 'Phoebe Zipper Sweatshirt' product page with the 'Edit Configurations' button visible, which is the target of the intended action. In the second screenshot, we see a 'Create Product Configurations' screen that is expected to appear after clicking 'Edit Configurations'. This screen allows the selection of attributes for product configurations, indicating that the UI has transitioned from the main product page to the configurations editing page. Therefore, the action of clicking the 'Edit Configurations' button was successfully taken, as evidenced by the change in the UI.",True,"```json
{
    ""rationale"": ""The UI in the first screenshot shows the 'Phoebe Zipper Sweatshirt' product page with the 'Edit Configurations' button visible, which is the target of the intended action. In the second screenshot, we see a 'Create Product Configurations' screen that is expected to appear after clicking 'Edit Configurations'. This screen allows the selection of attributes for product configurations, indicating that the UI has transitioned from the main product page to the configurations editing page. Therefore, the action of clicking the 'Edit Configurations' button was successfully taken, as evidenced by the change in the UI."",
    ""was_taken"": true
}
```",True
17,16,17,8.png,8.png,"Click on the brown ""Edit Configurations"" button.","CLICK(1600, 790)",False,"The screenshots before and after the action do not show any changes. The 'Edit Configurations' button has not changed in appearance, and there is no indication in the UI that the button has been clicked or that any different view or modal has been opened, which is what would be expected after such an action. Therefore, we cannot conclude that the action to 'Click on the brown ""Edit Configurations"" button' was successfully taken.",False,"```json
{
    ""rationale"": ""The screenshots before and after the action do not show any changes. The 'Edit Configurations' button has not changed in appearance, and there is no indication in the UI that the button has been clicked or that any different view or modal has been opened, which is what would be expected after such an action. Therefore, we cannot conclude that the action to 'Click on the brown \""Edit Configurations\"" button' was successfully taken."",
    ""was_taken"": false
}
```",True
18,18,19,9.png,10.png,"Click on the orange ""Next"" button.","CLICK(1643, 313)",True,"The UI has changed from Step 1 to Step 2, indicating progression from the 'Select Attributes' screen to the 'Attribute Values' screen, which is consistent with clicking the 'Next' button. The 'Next' button in the first screenshot is located where the user clicked (according to the coordinates provided). Therefore, the action of clicking the 'Next' button appears to have been successfully taken, as evidenced by the transition to the next step in the UI.",True,"```json
{
    ""rationale"": ""The UI has changed from Step 1 to Step 2, indicating progression from the 'Select Attributes' screen to the 'Attribute Values' screen, which is consistent with clicking the 'Next' button. The 'Next' button in the first screenshot is located where the user clicked (according to the coordinates provided). Therefore, the action of clicking the 'Next' button appears to have been successfully taken, as evidenced by the transition to the next step in the UI."",
    ""was_taken"": true
}
```",True
19,18,19,9.png,9.png,"Click on the orange ""Next"" button.","CLICK(1643, 313)",False,"The screenshots before and after the action are identical, indicating that there was no change in the UI. The 'Next' button is still visible, and there have been no progressions to the next step in the process, which suggests that the action to click the 'Next' button was not successfully taken.",False,"{
    ""rationale"": ""The screenshots before and after the action are identical, indicating that there was no change in the UI. The 'Next' button is still visible, and there have been no progressions to the next step in the process, which suggests that the action to click the 'Next' button was not successfully taken."",
    ""was_taken"": false
}",True
20,20,21,10.png,11.png,"Click on the ""S"" checkbox in the ""Size"" section","CLICK(192, 488)",True,"In the 'Size' section, the checkbox for 'S' is selected in the second screenshot, indicating that the action to click the 'S' checkbox was successfully taken.",True,"```json
{
    ""rationale"": ""In the 'Size' section, the checkbox for 'S' is selected in the second screenshot, indicating that the action to click the 'S' checkbox was successfully taken."",
    ""was_taken"": true
}
```",True
21,20,21,10.png,10.png,"Click on the ""S"" checkbox in the ""Size"" section","CLICK(192, 488)",False,"The 'S' checkbox in the 'Size' section is checked in the second screenshot, which indicates that the action to click on the 'S' checkbox was successfully taken.",True,"```json
{
    ""rationale"": ""The 'S' checkbox in the 'Size' section is checked in the second screenshot, which indicates that the action to click on the 'S' checkbox was successfully taken."",
    ""was_taken"": true
}
```",False
22,22,23,11.png,12.png,"Click the ""Brown"" checkbox in the ""Color"" section","CLICK(649, 831)",True,"The 'Brown' checkbox in the 'Color' section is checked in the second screenshot, indicating that the action to select this option was indeed successfully taken.",True,"```json
{
    ""rationale"": ""The 'Brown' checkbox in the 'Color' section is checked in the second screenshot, indicating that the action to select this option was indeed successfully taken."",
    ""was_taken"": true
}
```",True
23,22,23,11.png,11.png,"Click the ""Brown"" checkbox in the ""Color"" section","CLICK(649, 831)",False,"The 'Brown' checkbox in the 'Color' section remains unchecked in both the before and after screenshots, indicating that the action to click the 'Brown' checkbox was not successfully taken.",False,"```json
{
    ""rationale"": ""The 'Brown' checkbox in the 'Color' section remains unchecked in both the before and after screenshots, indicating that the action to click the 'Brown' checkbox was not successfully taken."",
    ""was_taken"": false
}
```",True
24,24,25,12.png,13.png,"Click on the orange ""Next"" button.","CLICK(1638, 229)",True,"The before screenshot shows the 'Step 2: Attribute Values' section of the 'Create Product Configurations' process with the 'Next' button at the top right corner of the modal. The after screenshot shows the 'Step 3: Bulk Images, Price and Quantity' section. This suggests that the 'Next' button was clicked as the process has moved from Step 2 to Step 3.",True,"```json
{
    ""rationale"": ""The before screenshot shows the 'Step 2: Attribute Values' section of the 'Create Product Configurations' process with the 'Next' button at the top right corner of the modal. The after screenshot shows the 'Step 3: Bulk Images, Price and Quantity' section. This suggests that the 'Next' button was clicked as the process has moved from Step 2 to Step 3."",
    ""was_taken"": true
}
```",True
25,24,25,12.png,12.png,"Click on the orange ""Next"" button.","CLICK(1638, 229)",False,"Both screenshots are essentially identical with no visible changes to the digital UI that would suggest progression to the next step in the product configuration. The 'Next' button, located towards the top right, does not appear to have been activated, as the UI remains on 'Step 2: Attribute Values' in both images.",False,"{
    ""rationale"": ""Both screenshots are essentially identical with no visible changes to the digital UI that would suggest progression to the next step in the product configuration. The 'Next' button, located towards the top right, does not appear to have been activated, as the UI remains on 'Step 2: Attribute Values' in both images."",
    ""was_taken"": false
}",True
26,26,27,13.png,14.png,"Click on the orange ""Next"" button.","CLICK(1638, 229)",True,"The first screenshot shows the UI at Step 3 of the 'Create Product Configurations' process, with the orange 'Next' button visible in the upper right corner. The second screenshot shows the UI at Step 4, which is the 'Summary' step, indicating that the process has moved forward a step. This progression to the next step confirms that the 'Next' button was indeed clicked.",True,"```json
{
    ""rationale"": ""The first screenshot shows the UI at Step 3 of the 'Create Product Configurations' process, with the orange 'Next' button visible in the upper right corner. The second screenshot shows the UI at Step 4, which is the 'Summary' step, indicating that the process has moved forward a step. This progression to the next step confirms that the 'Next' button was indeed clicked."",
    ""was_taken"": true
}
```",True
27,26,27,13.png,13.png,"Click on the orange ""Next"" button.","CLICK(1638, 229)",False,"The screenshots provided before and after the action show no visible changes. The position of the 'Next' button and the options shown on the 'Create Product Configurations' page remain the same. Therefore, it appears that the click action on the 'Next' button did not successfully trigger a change in the UI or progress to the next step in the configuration process.",False,"{
    ""rationale"": ""The screenshots provided before and after the action show no visible changes. The position of the 'Next' button and the options shown on the 'Create Product Configurations' page remain the same. Therefore, it appears that the click action on the 'Next' button did not successfully trigger a change in the UI or progress to the next step in the configuration process."",
    ""was_taken"": false
}",True
28,28,29,14.png,15.png,"Click on the orange ""Generate Product"" button.","CLICK(1638, 231)",True,"The first screenshot displays the 'Create Product Configurations' section with the 'Summary' step completed and the orange 'Generate Products' button visible in the top right corner. After the supposed action of clicking on that button (as indicated by the provided coordinates), the second screenshot shows the 'Phoebe Zipper Sweatshirt' product editing page, where the configurations for the products have been added with SKUs 'WH07-XS-Blue' and 'WH07-XS-Brown', which were not there before. This transition from the 'Summary' to the added product variations in the configurations section indicates that the action of generating the products was successfully taken.",True,"```json
{
    ""rationale"": ""The first screenshot displays the 'Create Product Configurations' section with the 'Summary' step completed and the orange 'Generate Products' button visible in the top right corner. After the supposed action of clicking on that button (as indicated by the provided coordinates), the second screenshot shows the 'Phoebe Zipper Sweatshirt' product editing page, where the configurations for the products have been added with SKUs 'WH07-XS-Blue' and 'WH07-XS-Brown', which were not there before. This transition from the 'Summary' to the added product variations in the configurations section indicates that the action of generating the products was successfully taken."",
    ""was_taken"": true
}
```",True
29,28,29,14.png,14.png,"Click on the orange ""Generate Product"" button.","CLICK(1638, 231)",False,"The screenshots before and after the action show no differences, indicating that the 'Generate Product' button was not clicked or that clicking the button did not trigger any change in the UI that can be visibly confirmed by the provided screenshots.",False,"```json
{
    ""rationale"": ""The screenshots before and after the action show no differences, indicating that the 'Generate Product' button was not clicked or that clicking the button did not trigger any change in the UI that can be visibly confirmed by the provided screenshots."",
    ""was_taken"": false
}
```",True
30,30,31,15.png,16.png,"Click on the orange ""Save"" button.","CLICK(1632, 177)",True,"The UI changes in the second screenshot indicate that the save action was successful. The green notification 'You saved the product.' is visible at the top of the page underneath the main menu bar, which confirms that the product was saved. Additionally, the error message 'Failed to synchronize data to the Magento Business Intelligence service. Retry Synchronization' is unrelated to the save action itself and is a separate issue concerning data synchronization with another service.",True,"```json
{
    ""rationale"": ""The UI changes in the second screenshot indicate that the save action was successful. The green notification 'You saved the product.' is visible at the top of the page underneath the main menu bar, which confirms that the product was saved. Additionally, the error message 'Failed to synchronize data to the Magento Business Intelligence service. Retry Synchronization' is unrelated to the save action itself and is a separate issue concerning data synchronization with another service."",
    ""was_taken"": true
}
```",True
31,30,31,15.png,15.png,"Click on the orange ""Save"" button.","CLICK(1632, 177)",False,"The screenshots before and after are identical, with no changes or indications that any action was successfully taken. The state of the interface, including all toggles, input fields, and the 'Configurations' section, remains unchanged. Therefore, we cannot confirm that the action of clicking the 'Save' button was successfully taken.",False,"{
    ""rationale"": ""The screenshots before and after are identical, with no changes or indications that any action was successfully taken. The state of the interface, including all toggles, input fields, and the 'Configurations' section, remains unchanged. Therefore, we cannot confirm that the action of clicking the 'Save' button was successfully taken."",
    ""was_taken"": false
}",True
